Family	Known Compounds
Asteraceae	25608
Fabaceae	12853
Streptomycetaceae	10067
Lamiaceae	9993
Trichocomaceae	8204
Rutaceae	5780
Apocynaceae	5539
Euphorbiaceae	4862
Apiaceae	4169
Meliaceae	4112
Solanaceae	3938
Rubiaceae	3466
Annonaceae	3420
Ranunculaceae	3377
Lauraceae	2865
Celastraceae	2861
Rosaceae	2856
Moraceae	2403
Zingiberaceae	2318
Brassicaceae	2219
Araliaceae	2215
Cupressaceae	2136
Pinaceae	1975
Myrtaceae	1883
Piperaceae	1876
Orchidaceae	1776
Alcyoniidae	1740
Clusiaceae	1695
Poaceae	1665
Asparagaceae	1663
Amaryllidaceae	1644
Schisandraceae	1600
Cucurbitaceae	1529
Plantaginaceae	1472
Malvaceae	1469
Hypericaceae	1450
Ganodermataceae	1432
Pleosporaceae	1392
Menispermaceae	1335
Ericaceae	1317
Nectriaceae	1298
Hominidae	1244
Caprifoliaceae	1200
Vitaceae	1190
Simaroubaceae	1151
Primulaceae	1116
Xylariaceae	1096
Acanthaceae	1081
Papaveraceae	1081
Sapindaceae	1074
Bignoniaceae	1028
Convolvulaceae	1022
Thymelaeaceae	1019
Oleaceae	1003
Salicaceae	998
Polyporaceae	979
Gentianaceae	978
Rhamnaceae	965
Phyllanthaceae	956
Polygonaceae	950
Thorectidae	925
Caryophyllaceae	923
Anacardiaceae	910
Taxaceae	895
Pseudomonadaceae	888
Chenopodiaceae	882
Crassulaceae	882
Theaceae	881
Apidae	877
Polygalaceae	873
Iridaceae	851
Aristolochiaceae	832
Cannabaceae	830
Micromonosporaceae	822
Hypocreaceae	820
Verbenaceae	820
Berberidaceae	792
Sargassaceae	780
Scrophulariaceae	779
Myristicaceae	769
Betulaceae	759
Enterobacteriaceae	755
Hyacinthaceae	752
Loganiaceae	748
Diaporthaceae	726
Calophyllaceae	722
Orobanchaceae	722
Chaetomiaceae	710
Fagaceae	701
Magnoliaceae	694
Dictyotaceae	686
Burseraceae	685
Petrosiidae	682
Adoxaceae	676
Axinellidae	676
Pseudonocardiaceae	650
Pteridaceae	635
Cyperaceae	633
Lythraceae	594
Asphodelaceae	593
Combretaceae	581
Boraginaceae	575
Lycopodiaceae	572
Amphisphaeriaceae	566
Nephtheidae	550
Juglandaceae	543
Podocarpaceae	537
Clavicipitaceae	526
Araceae	520
Didymellaceae	520
Ebenaceae	518
Cordycipitaceae	517
Dioscoreaceae	504
Liliaceae	503
Agaricaceae	501
Geraniaceae	490
Santalaceae	483
Campanulaceae	472
Bionectriaceae	471
Cornaceae	471
Melanthiaceae	466
Buxaceae	456
Bacillaceae	455
Chloranthaceae	446
Halichondriidae	445
Dipterocarpaceae	444
Aquifoliaceae	441
Rhizophoraceae	438
Gorgoniidae	436
Parmeliaceae	436
Briareidae	427
Polypodiaceae	426
Fomitopsidaceae	425
Didemnidae	420
Zygophyllaceae	419
Amaranthaceae	409
Plakinidae	400
Paeoniaceae	391
Dysideidae	390
Hymenochaetaceae	385
Russulaceae	382
Daphniphyllaceae	381
Polyangiaceae	381
Tricholomataceae	377
Ancorinidae	375
Plexauridae	369
Aplysiidae	365
Arecaceae	363
Sapotaceae	354
Passifloraceae	347
Bovidae	346
Ophiocordycipitaceae	339
Cactaceae	336
Cistaceae	332
Xeniidae	332
Stemonaceae	322
Saururaceae	321
Sclerotiniaceae	316
Physalacriaceae	306
Spongiidae	305
Agelasidae	304
Theonellidae	301
Clavulariidae	298
Cortinariaceae	295
Saxifragaceae	292
Gnetaceae	290
Cordiaceae	273
Polyclinidae	270
Hamamelidaceae	269
Lepidoziaceae	267
Chalinidae	266
Lardizabalaceae	264
Myricaceae	261
Smilacaceae	258
Thermomonosporaceae	258
Capparaceae	256
Dryopteridaceae	256
Drosophilidae	255
Ellisellidae	255
Ginkgoaceae	251
Phytolaccaceae	249
Scarabaeidae	247
Bromeliaceae	246
Daphniidae	245
Frullaniaceae	241
Nocardiaceae	241
Monascaceae	237
Mycenaceae	237
Melastomataceae	235
Aplysinidae	232
Proteaceae	231
Acoraceae	230
Cladosporiaceae	230
Botryosphaeriaceae	226
Tamaricaceae	226
Niphatidae	225
Irciniidae	224
Onagraceae	221
Actinidiaceae	219
Mycosphaerellaceae	215
Hydrangeaceae	214
Canellaceae	210
Urticaceae	210
Leptosphaeriaceae	208
Velloziaceae	207
Mycalidae	205
Pedaliaceae	205
Burkholderiaceae	203
Cystobacteraceae	202
Nocardiopsaceae	202
Gesneriaceae	201
Myxococcaceae	198
Phaeosphaeriaceae	198
Erythroxylaceae	197
Callyspongiidae	196
Grossulariaceae	196
Elaeagnaceae	195
Colchicaceae	192
Gelsemiaceae	191
Morganellaceae	189
Stereaceae	188
Cleomaceae	187
Hypoxidaceae	186
Omphalotaceae	186
Heliotropiaceae	185
Ochnaceae	182
Hernandiaceae	181
Lecythidaceae	181
Montagnulaceae	179
Equisetaceae	178
Polycitoridae	178
Strophariaceae	178
Suberitidae	176
Araucariaceae	174
Geodiidae	174
Hericiaceae	174
Monacanthidae	174
Nyctaginaceae	174
Plagiochilaceae	172
Malpighiaceae	171
Meruliaceae	171
Symplocaceae	171
Balanophoraceae	170
Caryocaraceae	170
Nymphaeaceae	170
Alismataceae	169
Pseudoceratinidae	169
Myxotrichaceae	168
Nelumbonaceae	168
Ophidiasteridae	167
Formicidae	166
Oxalidaceae	166
Portulacaceae	166
Diatrypaceae	163
Linaceae	161
Plumbaginaceae	158
Taccaceae	157
Nitrariaceae	156
Pittosporaceae	156
Ancistrocladaceae	155
Microascaceae	155
Phoridae	151
Scapaniaceae	150
Marchantiaceae	149
Glomerellaceae	148
Loranthaceae	148
Chlamydomonadaceae	146
Boletaceae	145
Chrysobalanaceae	145
Gleicheniaceae	145
Chromodorididae	143
Bufonidae	142
Dennstaedtiaceae	141
Gymnomitriaceae	141
Thelypteridaceae	141
Streptosporangiaceae	140
Darwinellidae	137
Aphididae	136
Lasiosphaeriaceae	136
Trichosphaeriaceae	135
Asteriidae	134
Selaginellaceae	134
Adelanthaceae	133
Jungermanniaceae	133
Basellaceae	132
Phloeodictyidae	132
Paulowniaceae	130
Phycomycetaceae	130
Juncaceae	129
Flavobacteriaceae	128
Porellaceae	128
Styelidae	128
Cladoniaceae	127
Gnomoniaceae	127
Lejeuneaceae	127
Aizoaceae	126
Styracaceae	126
Phyllostictaceae	123
Elaeocarpaceae	122
Latrunculiidae	122
Pandanaceae	121
Saccharomycetaceae	121
Ephedraceae	120
Suillaceae	120
Psathyrellaceae	117
Rhodobacteraceae	116
Picramniaceae	113
Ulvaceae	113
Marasmiaceae	112
Achariaceae	111
Rhizobiaceae	111
Caulerpaceae	110
Ianthellidae	110
Blechnaceae	109
Costaceae	109
Heteroxyidae	109
Paenibacillaceae	109
Pseudoalteromonadaceae	109
Ramalinaceae	109
Sporormiaceae	108
Hylidae	107
Albatrellaceae	106
Begoniaceae	106
Helotiaceae	106
Icacinaceae	106
Lobariaceae	106
Bankeraceae	105
Isididae	105
Mycobacteriaceae	104
Hygrophoraceae	103
Hymedesmiidae	103
Eriocaulaceae	102
Phanerochaetaceae	102
Anastrophyllaceae	101
Plectosphaerellaceae	101
Pleurotaceae	101
Valsaceae	101
Calypogeiaceae	100
Apiosporaceae	99
Lachnaceae	99
Violaceae	99
Bixaceae	98
Balsaminaceae	97
Altingiaceae	96
Aytoniaceae	96
Staphylococcaceae	96
Gymnoascaceae	95
Ritterellidae	95
Sordariaceae	95
Resedaceae	94
Eucommiaceae	93
Lessoniaceae	93
Muntingiaceae	93
Periconiaceae	93
Ulmaceae	93
Alcaligenaceae	91
Molluginaceae	91
Pentaphylacaceae	91
Podospongiidae	91
Schizosaccharomycetaceae	91
Mytilidae	90
Tapinellaceae	90
Krameriaceae	89
Debaryomycetaceae	88
Caricaceae	87
Pontederiaceae	87
Putranjivaceae	87
Vibrionaceae	87
Haemodoraceae	86
Hydrocharitaceae	85
Onygenaceae	85
Moringaceae	83
Acarnidae	82
Actinomycetaceae	81
Cyphellaceae	81
Lophocoleaceae	81
Udoteaceae	80
Cerambycidae	79
Dermateaceae	79
Dictyonellidae	79
Calycanthaceae	78
Pseudodistomidae	78
Sciadopityaceae	78
Anthothelidae	77
Winteraceae	77
Bugulidae	76
Aplysinellidae	75
Commelinaceae	75
Cucumariidae	75
Davalliaceae	75
Radulaceae	75
Stereocaulaceae	75
Typhaceae	75
Rhizopodaceae	74
Amanitaceae	73
Staphyleaceae	73
Clionaidae	72
Cyrenidae	72
Aspleniaceae	71
Atherospermataceae	71
Conocephalaceae	71
Flustridae	71
Lyophyllaceae	71
Physciaceae	71
Calceolariaceae	70
Chlorellaceae	70
Monimiaceae	70
Rhodospirillaceae	70
Gloeophyllaceae	69
Bombycidae	68
Cynomoriaceae	68
Esperiopsidae	68
Herpotrichiellaceae	68
Loasaceae	68
Musaceae	68
Nothofagaceae	68
Dictyodendrillidae	67
Microcionidae	67
Nymphalidae	67
Pectinidae	67
Phrymaceae	67
Siparunaceae	67
Ascidiidae	66
Coniothyriaceae	66
Fucaceae	66
Goodeniaceae	66
Nyssaceae	66
Oreasteridae	66
Pelliaceae	66
Raspailiidae	66
Subergorgiidae	66
Leucettidae	65
Massarinaceae	65
Meripilaceae	65
Tuberaceae	65
Chondropsidae	64
Cytophagaceae	64
Magnaporthaceae	64
Picrodendraceae	64
Vesiculariidae	64
Holothuriidae	63
Ophiostomataceae	63
Sabiaceae	63
Dendrodorididae	62
Dumortieraceae	62
Acanthasteridae	61
Artemiidae	61
Cyatheaceae	61
Erwiniaceae	61
Gerridae	61
Plakobranchidae	61
Siphonariidae	61
Graphidaceae	60
Platanaceae	60
Spirastrellidae	60
Acanthogorgiidae	59
Bryaceae	59
Dothioraceae	59
Ostreidae	59
Termitidae	59
Goniasteridae	58
Laminariaceae	58
Lecanoraceae	58
Melanopsaceae	58
Ophioglossaceae	58
Pyuridae	58
Haminoeidae	57
Mycoplasmataceae	57
Stilbaceae	57
Alstroemeriaceae	56
Austrobaileyaceae	56
Coccinellidae	56
Cycadaceae	56
Salviniaceae	55
Dipodascaceae	54
Onocleaceae	54
Petiveriaceae	54
Psilotaceae	54
Tethyidae	54
Thelephoraceae	54
Bangiaceae	53
Chondrosiidae	53
Gonyaulacaceae	52
Stachyuraceae	52
Trichiidae	52
Hyphomicrobiaceae	51
Potamogetonaceae	51
Vulcanellidae	51
Asterinidae	50
Casuarinaceae	50
Coccidae	50
Hymenophyllaceae	50
Physaraceae	50
Polytrichaceae	50
Sclerodermataceae	50
Athyriaceae	49
Coriariaceae	49
Luidiidae	49
Sciuridae	49
Vochysiaceae	49
Corynebacteriaceae	48
Mniaceae	48
Mortierellaceae	48
Dorididae	47
Echinasteridae	47
Rhytismataceae	47
Xanthomonadaceae	47
Ceratocystidaceae	46
Cunoniaceae	46
Mastigophoraceae	46
Phallaceae	46
Cantharellaceae	45
Clavelinidae	45
Curculionidae	45
Dendrobatidae	45
Iotrochotidae	45
Olacaceae	45
Posidoniaceae	45
Acarosporaceae	44
Biemnidae	44
Cymodoceaceae	44
Morchellaceae	44
Scytosiphonaceae	44
Yersiniaceae	44
Alteromonadaceae	43
Chondrillidae	43
Clathriidae	43
Dioncophyllaceae	43
Discodorididae	43
Menyanthaceae	43
Phyllidiidae	43
Alariaceae	42
Bolbitiaceae	42
Corynesporascaceae	42
Droseraceae	42
Metteniusaceae	42
Micrococcaceae	42
Muridae	42
Toxopneustidae	42
Bradyrhizobiaceae	41
Namaceae	41
Ricciaceae	41
Cladophoraceae	40
Diplocystidiaceae	40
Elatinaceae	40
Euglenaceae	40
Herbertaceae	40
Pyronemataceae	40
Salpidae	40
Trichocoleaceae	40
Actiniidae	39
Corallinaceae	39
Dasycladaceae	39
Dilleniaceae	39
Ehretiaceae	39
Francoaceae	39
Muraenidae	39
Auriscalpiaceae	38
Comamonadaceae	38
Dictyosteliaceae	38
Echinodontiaceae	38
Eupomatiaceae	38
Mystropetalaceae	38
Nephromataceae	38
Osmundaceae	38
Pertusariaceae	38
Salvadoraceae	38
Cunninghamellaceae	37
Eupteleaceae	37
Lithodidae	37
Pyriculariaceae	37
Rhinotermitidae	37
Sergestidae	37
Veneridae	37
Cardiopteridaceae	36
Charcotiidae	36
Chromobacteriaceae	36
Chrysomelidae	36
Crambeidae	36
Jackiellaceae	36
Lactobacillaceae	36
Martyniaceae	36
Mucoraceae	36
Nannocystaceae	36
Sarcosomataceae	36
Sporidiobolaceae	36
Acetobacteraceae	35
Caulobacteraceae	35
Comatulidae	35
Linderniaceae	35
Moraxellaceae	35
Onchidiidae	35
Peltigeraceae	35
Semelidae	35
Ustilaginaceae	35
Cadlinidae	34
Chordariaceae	34
Cibotiaceae	34
Coelosphaeridae	34
Noctuidae	34
Polemoniaceae	34
Thoracosphaeraceae	34
Zoanthidae	34
Anthomyiidae	33
Codiaceae	33
Lumbricidae	33
Dendrophylliidae	32
Enterococcaceae	32
Microbacteriaceae	32
Nereididae	32
Odontasteridae	32
Sarraceniaceae	32
Termopsidae	32
Agelenidae	31
Arbaciidae	31
Chaetosphaeriaceae	31
Coniochaetaceae	31
Crabronidae	31
Discinaceae	31
Fossombroniaceae	31
Graphostromataceae	31
Haloragaceae	31
Hexabranchidae	31
Lentibulariaceae	31
Lygodiaceae	31
Nephilidae	31
Schistochilaceae	31
Simmondsiaceae	31
Umbilicariaceae	31
Zamiaceae	31
Alligatoridae	30
Aneuraceae	30
Arthrodermataceae	30
Kareniaceae	30
Nartheciaceae	30
Parazoanthidae	30
Rhabditidae	30
Stichopodidae	30
Acaridae	29
Bondarzewiaceae	29
Bougainvilliidae	29
Bryopsidaceae	29
Enteridiidae	29
Goniodomataceae	29
Peraceae	29
Rutstroemiaceae	29
Ceratobasidiaceae	28
Characeae	28
Marantaceae	28
Ranidae	28
Cyprinidae	27
Hypnaceae	27
Limapontiidae	27
Palaemonidae	27
Pannariaceae	27
Primnoidae	27
Pyralidae	27
Pyrenulaceae	27
Sphenopidae	27
Trochodendraceae	27
Aglajidae	26
Dichapetalaceae	26
Erythrobacteraceae	26
Graphiolaceae	26
Icmadophilaceae	26
Myliaceae	26
Oleandraceae	26
Orbiliaceae	26
Physenaceae	26
Pluteaceae	26
Teloschistaceae	26
Tenebrionidae	26
Tephritidae	26
Acroporidae	25
Dipteridaceae	25
Leeaceae	25
Perophoridae	25
Pleurobranchidae	25
Sphingidae	25
Thermococcaceae	25
Aigialaceae	24
Astropectinidae	24
Centroplacaceae	24
Cephalodiscidae	24
Comesomatidae	24
Cucurbitariaceae	24
Cystopteridaceae	24
Datiscaceae	24
Dicksoniaceae	24
Dicranaceae	24
Francisellaceae	24
Gobiidae	24
Lepidolaenaceae	24
Mephitidae	24
Pterulaceae	24
Saturniidae	24
Scleritodermidae	24
Tedaniidae	24
Tettigoniidae	24
Thermaceae	24
Ursidae	24
Acrididae	23
Anacampserotaceae	23
Buccinidae	23
Fouquieriaceae	23
Garryaceae	23
Hyaloscyphaceae	23
Limnanthaceae	23
Nocardioidaceae	23
Notheiaceae	23
Phellinaceae	23
Sphingomonadaceae	23
Vahliaceae	23
Balantiopsidaceae	22
Biebersteiniaceae	22
Blattidae	22
Brevibacteriaceae	22
Centropomidae	22
Cercidiphyllaceae	22
Crellidae	22
Dipentodontaceae	22
Geocalycaceae	22
Hapalidiaceae	22
Himanthaliaceae	22
Pichiaceae	22
Restionaceae	22
Tetillidae	22
Tubiporidae	22
Brachytheciaceae	21
Corynocarpaceae	21
Crambidae	21
Didymosphaeriaceae	21
Halosphaeriaceae	21
Nepenthaceae	21
Salmonidae	21
Streptococcaceae	21
Annulatascaceae	20
Bartramiaceae	20
Biatriosporaceae	20
Catenicellidae	20
Hydrodictyaceae	20
Hylocomiaceae	20
Kalotermitidae	20
Lembophyllaceae	20
Mamiellaceae	20
Methylobacteriaceae	20
Mrakiaceae	20
Myobatrachidae	20
Parasphaerascleridae	20
Planococcaceae	20
Prorocentraceae	20
Pyrosomatidae	20
Salamandridae	20
Siluridae	20
Sphagnaceae	20
Tropaeolaceae	20
Veretillidae	20
Blasiaceae	19
Caliphyllidae	19
Cribrariaceae	19
Didiereaceae	19
Halobacteriaceae	19
Halomonadaceae	19
Lepidobotryaceae	19
Metzgeriaceae	19
Niessliaceae	19
Pachastrellidae	19
Pallaviciniaceae	19
Papilionidae	19
Schizotrichaceae	19
Squalidae	19
Taphrinaceae	19
Acytosteliaceae	18
Alicyclobacillaceae	18
Desmarestiaceae	18
Diazonidae	18
Gomphaceae	18
Malasseziaceae	18
Mugilidae	18
Oscarellidae	18
Osmeridae	18
Paxillaceae	18
Rhabdodendraceae	18
Rhizogoniaceae	18
Scombridae	18
Sertulariidae	18
Solenostomataceae	18
Tremellaceae	18
Woodsiaceae	18
Zosteraceae	18
Calthropellidae	17
Calyceraceae	17
Ellobiidae	17
Euphausiidae	17
Gryllotalpidae	17
Lindgomycetaceae	17
Oxalobacteraceae	17
Peniophoraceae	17
Phyllobacteriaceae	17
Roccellaceae	17
Verrucariaceae	17
Aeromonadaceae	16
Akaniaceae	16
Boliniaceae	16
Chromatiaceae	16
Clostridiaceae	16
Columelliaceae	16
Corsiniaceae	16
Frankiaceae	16
Marattiaceae	16
Neckeraceae	16
Neotrichocoleaceae	16
Patellariaceae	16
Pseudeurotiaceae	16
Sulfolobaceae	16
Thuidiaceae	16
Wallemiaceae	16
Aegiridae	15
Arminidae	15
Bonnetiaceae	15
Chaetomellaceae	15
Chrysopidae	15
Crossosomataceae	15
Dunaliellaceae	15
Echinometridae	15
Erythropalaceae	15
Fasciolariidae	15
Leotiaceae	15
Marsileaceae	15
Melanconidaceae	15
Monocleaceae	15
Montiaceae	15
Pentadiplandraceae	15
Pottiaceae	15
Pucciniaceae	15
Pylaisiaceae	15
Renillidae	15
Soleidae	15
Strombosiaceae	15
Cheiragonidae	14
Cicadellidae	14
Colubridae	14
Connaraceae	14
Goupiaceae	14
Helicobacteraceae	14
Helioporidae	14
Hymenophytaceae	14
Hypneaceae	14
Lagynidae	14
Leucobryaceae	14
Lindsaeaceae	14
Nanodeaceae	14
Nephrolepidaceae	14
Ophioparmaceae	14
Pentatomidae	14
Pezizaceae	14
Phymatellidae	14
Physeteridae	14
Pieridae	14
Pinnidae	14
Plagiogyriaceae	14
Pseudophasmatidae	14
Ptilidiaceae	14
Rhachidosoraceae	14
Scolopendridae	14
Sphaerophoraceae	14
Syllidae	14
Targioniaceae	14
Viperidae	14
Actinopolysporaceae	13
Anemiaceae	13
Antipathidae	13
Ascoseiraceae	13
Byssolomataceae	13
Cionidae	13
Cryptosulidae	13
Delitschiaceae	13
Dermacoccaceae	13
Diapensiaceae	13
Electridae	13
Hedwigiaceae	13
Marginellidae	13
Neopeltidae	13
Palmariaceae	13
Pandaceae	13
Paralichthyidae	13
Phyllophoridae	13
Propionibacteriaceae	13
Pylaisiadelphaceae	13
Shewanellaceae	13
Solanderiidae	13
Syngnathidae	13
Testudinaceae	13
Tubeufiaceae	13
Velutinidae	13
Vibrisseaceae	13
Anthocerotaceae	12
Astroscleridae	12
Candonidae	12
Cephaloziaceae	12
Chlorobiaceae	12
Didymochlaenaceae	12
Ditrichaceae	12
Ectothiorhodospiraceae	12
Lepicoleaceae	12
Methanobacteriaceae	12
Mopaliidae	12
Morosphaeriaceae	12
Myriopathidae	12
Pectobacteriaceae	12
Phacidiaceae	12
Polymastiidae	12
Scutellidae	12
Sparassidaceae	12
Strongylocentrotidae	12
Veronicellidae	12
Ximeniaceae	12
Amblystegiaceae	11
Archasteridae	11
Bullidae	11
Choanephoraceae	11
Chordaceae	11
Colwelliaceae	11
Corallistidae	11
Drosophyllaceae	11
Dytiscidae	11
Fissidentaceae	11
Fringillidae	11
Grimmiaceae	11
Hormaphididae	11
Hyponectriaceae	11
Ligiidae	11
Lymantriidae	11
Microteaceae	11
Noelaerhabdaceae	11
Ophioceraceae	11
Orthotrichaceae	11
Plagiotheciaceae	11
Polyceridae	11
Pyrrhocoridae	11
Ralfsiaceae	11
Reticulariaceae	11
Rhabdoweisiaceae	11
Serpulidae	11
Togniniaceae	11
Tortricidae	11
Tovariaceae	11
Tritoniidae	11
Vespidae	11
Anisophylleaceae	10
Anteagloniaceae	10
Araneidae	10
Asteropseidae	10
Cancridae	10
Cardiidae	10
Cephaloziellaceae	10
Cervidae	10
Crypteroniaceae	10
Ctenodiscidae	10
Cyttariaceae	10
Diplommatinidae	10
Geometridae	10
Giraffidae	10
Helicobasidiaceae	10
Mariametridae	10
Massariaceae	10
Methylococcaceae	10
Methylocystaceae	10
Metridiidae	10
Myriaporidae	10
Nidaliidae	10
Onchidorididae	10
Pleuroziaceae	10
Polymorphinidae	10
Pseudococcidae	10
Rhodobiaceae	10
Sabellidae	10
Scaphandridae	10
Shiraiaceae	10
Solasteridae	10
Staphylinidae	10
Sympoventuriaceae	10
Synallactidae	10
Tetraodontidae	10
Thermoactinomycetaceae	10
Thomandersiaceae	10
Trachycladidae	10
Virgulariidae	10
Wiesnerellaceae	10
Arthoniaceae	9
Aulacomniaceae	9
Basiliolidae	9
Blandfordiaceae	9
Candelariaceae	9
Capnodiaceae	9
Chaetopeltidaceae	9
Chlorodendraceae	9
Coreidae	9
Cydnidae	9
Cystofilobasidiaceae	9
Davidiellaceae	9
Ectobiidae	9
Enidae	9
Eriococcidae	9
Frankeniaceae	9
Funariaceae	9
Funiculinidae	9
Gomphidiaceae	9
Gunneraceae	9
Halimedaceae	9
Hydnangiaceae	9
Isodictyidae	9
Makinoaceae	9
Mangeliidae	9
Melanommataceae	9
Merulinidae	9
Muricidae	9
Myxillidae	9
Paracryphiaceae	9
Porotheleaceae	9
Prasinococcaceae	9
Quillajaceae	9
Schizophyllaceae	9
Sphecidae	9
Sphenocleaceae	9
Sphingobacteriaceae	9
Turbinidae	9
Bibionidae	8
Blepharostomataceae	8
Braconidae	8
Bulgariaceae	8
Chitinophagaceae	8
Chitonidae	8
Cryphonectriaceae	8
Durvillaeaceae	8
Erebidae	8
Erysiphaceae	8
Fontinalaceae	8
Himerometridae	8
Lichinaceae	8
Mactridae	8
Malacanthidae	8
Membraniporidae	8
Ophiocomidae	8
Ophiodermatidae	8
Pandalidae	8
Porcellionidae	8
Pycnococcaceae	8
Rhizopogonaceae	8
Saccharospirillaceae	8
Salticidae	8
Sarcolaenaceae	8
Scenedesmaceae	8
Schizoporaceae	8
Sclerodactylidae	8
Suessiaceae	8
Tectariaceae	8
Teratosphaeriaceae	8
Tetraphidaceae	8
Tsukamurellaceae	8
Umbelopsidaceae	8
Xyridaceae	8
Acanthochitonidae	7
Achatinidae	7
Aporpiaceae	7
Archaeobalanidae	7
Ascarididae	7
Australiascaceae	7
Bacteroidaceae	7
Balanopaceae	7
Bathycoccaceae	7
Cannaceae	7
Cassidae	7
Catenulisporaceae	7
Cephalotaceae	7
Clavulinaceae	7
Clethraceae	7
Collemataceae	7
Cryptomycetaceae	7
Cutleriaceae	7
Dalodesmidae	7
Deinococcaceae	7
Deltocyathidae	7
Dendrocerotaceae	7
Didymiaceae	7
Entodontaceae	7
Escalloniaceae	7
Fasciolidae	7
Flammeovirgaceae	7
Gastrothylacidae	7
Glomeraceae	7
Haematococcaceae	7
Haloferacaceae	7
Haplomitriaceae	7
Helicidae	7
Herpetosiphonaceae	7
Hydrozoanthidae	7
Inocybaceae	7
Isochrysidaceae	7
Iteaceae	7
Limulidae	7
Marcgraviaceae	7
Moschidae	7
Myodocarpaceae	7
Ochrolechiaceae	7
Paramphistomidae	7
Pleomassariaceae	7
Pseudomelatomidae	7
Repetobasidiaceae	7
Saccharomycopsidaceae	7
Sarcoscyphaceae	7
Stichodactylidae	7
Strelitziaceae	7
Suidasiidae	7
Tachinidae	7
Talinaceae	7
Terebellidae	7
Tetrachondraceae	7
Trichosporonaceae	7
Trypetheliaceae	7
Xanthidae	7
Ahnfeltiaceae	6
Alopiidae	6
Aptandraceae	6
Cabombaceae	6
Cicadidae	6
Conidae	6
Coulaceae	6
Cystobasidiaceae	6
Desulfurobacteriaceae	6
Diadematidae	6
Entolomataceae	6
Euchaetidae	6
Euplectellidae	6
Haematommataceae	6
Holopodidae	6
Ixodidae	6
Lycaenidae	6
Mantellidae	6
Mayacaceae	6
Nitrosomonadaceae	6
Parmulariaceae	6
Proisocrinidae	6
Ptychoderidae	6
Roussoellaceae	6
Ruminococcaceae	6
Saprospiraceae	6
Silphidae	6
Sinipercidae	6
Siphonocladaceae	6
Temnopleuridae	6
Tetranychidae	6
Thraustochytriaceae	6
Tilachlidiaceae	6
Trochidae	6
Tylodinidae	6
Unionidae	6
Acaulosporaceae	5
Agaraceae	5
Aglaopheniidae	5
Alcanivoracaceae	5
Auriculariaceae	5
Brucellaceae	5
Cambaridae	5
Campylobacteraceae	5
Canidae	5
Carangidae	5
Carcharhinidae	5
Carnobacteriaceae	5
Chlorococcaceae	5
Cimicidae	5
Clupeidae	5
Degeneriaceae	5
Delphinidae	5
Dictyochloridaceae	5
Echinidae	5
Eunicidae	5
Gadidae	5
Griseliniaceae	5
Haliangiaceae	5
Juncaginaceae	5
Lachnospiraceae	5
Leuconostocaceae	5
Lichtheimiaceae	5
Mithrodiidae	5
Muscidae	5
Niaceae	5
Oocystaceae	5
Parodiopsidaceae	5
Pediciidae	5
Phasianidae	5
Pneumocystidaceae	5
Poraniidae	5
Pycnoclavellidae	5
Sebastidae	5
Spirostreptidae	5
Stenopelmatidae	5
Thermoplasmataceae	5
Thermosporotrichaceae	5
Torricelliaceae	5
Tovelliaceae	5
Umbraculidae	5
Venturiaceae	5
Watersiporidae	5
Welwitschiaceae	5
Zoroasteridae	5
Alydidae	4
Amphoriscidae	4
Aplustridae	4
Arcidae	4
Ardeidae	4
Bacillidae	4
Bathynellidae	4
Blaberidae	4
Campynemataceae	4
Carabidae	4
Chloroflexaceae	4
Chrysotrichaceae	4
Clavariaceae	4
Coniophoraceae	4
Crocodylidae	4
Culicidae	4
Cyclobacteriaceae	4
Dalatiidae	4
Dietziaceae	4
Dinophysiaceae	4
Diplogasteridae	4
Elephantidae	4
Eudendriidae	4
Euthyroididae	4
Fistulinaceae	4
Gisekiaceae	4
Gryphidae	4
Helwingiaceae	4
Hexagrammidae	4
Hydnaceae	4
Hydridae	4
Intrasporangiaceae	4
Leucosoleniidae	4
Lophiostomataceae	4
Methanococcaceae	4
Myrothamnaceae	4
Pasteurellaceae	4
Pennatulidae	4
Phaffomycetaceae	4
Pipidae	4
Pithophoraceae	4
Pleuronectidae	4
Pleurostomataceae	4
Pocilloporidae	4
Podostemaceae	4
Portunidae	4
Pseudocerotidae	4
Pseudothelphusidae	4
Psolidae	4
Psychodidae	4
Reduviidae	4
Rubritaleaceae	4
Sandaracinaceae	4
Sarcophagidae	4
Spatangidae	4
Suidae	4
Surianaceae	4
Synaptidae	4
Thoosidae	4
Trionychidae	4
Ulotrichaceae	4
Vespertilionidae	4
Ancylistaceae	3
Aphloiaceae	3
Ascodesmidaceae	3
Atheliaceae	3
Babyloniidae	3
Batrachoididae	3
Belostomatidae	3
Bitectiporidae	3
Boletinellaceae	3
Byblidaceae	3
Calliphoridae	3
Campanulariidae	3
Coelogorgiidae	3
Conexibacteraceae	3
Corticiaceae	3
Corydalidae	3
Coryphaenidae	3
Cronartiaceae	3
Cyclophoridae	3
Diaspididae	3
Elapidae	3
Elpidiidae	3
Enoploteuthidae	3
Exobasidiaceae	3
Gempylidae	3
Gomortegaceae	3
Hahellaceae	3
Hypodematiaceae	3
Irvingiaceae	3
Jenkinidae	3
Kirschsteiniotheliaceae	3
Lecideaceae	3
Leiobunidae	3
Leptomitaceae	3
Leptostomataceae	3
Lonchodidae	3
Lulworthiaceae	3
Lygaeidae	3
Melithaeidae	3
Monostromataceae	3
Mycotyphaceae	3
Myeloconidaceae	3
Oceanospirillaceae	3
Octopodidae	3
Odontopygidae	3
Ommastrephidae	3
Pachybolidae	3
Penaeaceae	3
Penaeidae	3
Petromyzontidae	3
Philydraceae	3
Phoenicopteridae	3
Phyllachoraceae	3
Planoceridae	3
Planorbidae	3
Pleromidae	3
Polyzoniidae	3
Porphyromonadaceae	3
Porpitidae	3
Psoraceae	3
Pterasteridae	3
Pteriidae	3
Ptilometridae	3
Punctulariaceae	3
Ranellidae	3
Rhodothermaceae	3
Riellaceae	3
Romaleidae	3
Schizoparmaceae	3
Schoepfiaceae	3
Selenastraceae	3
Serpulaceae	3
Syringodermataceae	3
Tellinidae	3
Tenrecidae	3
Tethydidae	3
Thermotogaceae	3
Tritirachiaceae	3
Turdidae	3
Yponomeutidae	3
Acidithiobacillaceae	2
Acrobolbaceae	2
Agavaceae	2
Aliquandostipitaceae	2
Amborellaceae	2
Ammodytidae	2
Anadyomenaceae	2
Anatidae	2
Anthracoideaceae	2
Aphelenchoididae	2
Aphrocallistidae	2
Arripidae	2
Bagridae	2
Basidiobolaceae	2
Benthopectinidae	2
Bifidobacteriaceae	2
Blastocladiaceae	2
Blattisociidae	2
Blepharidophyllaceae	2
Boidae	2
Bubaridae	2
Buprestidae	2
Buthidae	2
Calostomataceae	2
Caryophylliidae	2
Catillariaceae	2
Ceratiaceae	2
Chaetiliidae	2
Chaetophoraceae	2
Chrysozymaceae	2
Corixidae	2
Coronophoraceae	2
Corvidae	2
Cotingidae	2
Crangonidae	2
Cryptobasidiaceae	2
Cytinaceae	2
Delesseriaceae	2
Delphacidae	2
Derbesiaceae	2
Dermochelyidae	2
Diprionidae	2
Dotidae	2
Elsinoaceae	2
Eremomycetaceae	2
Etmopteridae	2
Glomeridae	2
Gloniaceae	2
Glycomycetaceae	2
Gomphidae	2
Gracillariidae	2
Gyrostemonaceae	2
Hamacanthidae	2
Heliobacteriaceae	2
Helvellaceae	2
Himantandraceae	2
Hirudinidae	2
Humiriaceae	2
Hymenomonadaceae	2
Hyperoliidae	2
Kermesidae	2
Kerriidae	2
Labilitrichaceae	2
Lachnidae	2
Laemophloeidae	2
Lampyridae	2
Lanariaceae	2
Latiidae	2
Legionellaceae	2
Leucascidae	2
Lineidae	2
Loveniidae	2
Lubomirskiidae	2
Lunulariaceae	2
Lymnaeidae	2
Mastigiidae	2
Meliolaceae	2
Mellitidae	2
Meloidae	2
Metschnikowiaceae	2
Myrsinaceae	2
Nassariidae	2
Neritidae	2
Noctilucaceae	2
Oceaniidae	2
Onychiuridae	2
Ophiuridae	2
Oxynoidae	2
Palinuridae	2
Panagrolaimidae	2
Paragorgiidae	2
Paraonidae	2
Patellidae	2
Pennariidae	2
Pergidae	2
Phidoloporidae	2
Phocidae	2
Planctomycetaceae	2
Platygloeaceae	2
Pontocyprididae	2
Promicromonosporaceae	2
Pseudocladophoraceae	2
Pseudovalsaceae	2
Pycnogonidae	2
Quambalariaceae	2
Rafflesiaceae	2
Rhizostomatidae	2
Rhodellaceae	2
Riodinidae	2
Ropalosporaceae	2
Salangidae	2
Sicyoniidae	2
Spirochaetaceae	2
Stixaceae	2
Stomozoidae	2
Stypocaulaceae	2
Takakiaceae	2
Thoridae	2
Tofieldiaceae	2
Trematosphaeriaceae	2
Trimeniaceae	2
Tropiometridae	2
Viviparidae	2
Volvatellidae	2
Zoopagaceae	2
Zygaenidae	2
Acanthephyridae	1
Acanthuridae	1
Acinetosporaceae	1
Acrospermaceae	1
Actinospicaceae	1
Actinostolidae	1
Alepocephalidae	1
Aleyrodidae	1
Amorphothecaceae	1
Amphinomidae	1
Anisacanthidae	1
Anobiidae	1
Anomodontaceae	1
Anoplocephalidae	1
Antheliaceae	1
Apodachlyellaceae	1
Aquificaceae	1
Argidae	1
Ascosphaeraceae	1
Asterotremellaceae	1
Baeriidae	1
Balanidae	1
Bambusicolaceae	1
Bathydorididae	1
Berberidopsidaceae	1
Bethylidae	1
Bombinatoridae	1
Bostrichidae	1
Calanidae	1
Calliostomatidae	1
Cantharidae	1
Castoridae	1
Cellulomonadaceae	1
Cephalothricidae	1
Ceramiaceae	1
Ceratiomyxaceae	1
Ceratophyllaceae	1
Cercopithecidae	1
Channichthyidae	1
Chironomidae	1
Chromochloridaceae	1
Cichlidae	1
Cladostephaceae	1
Clausiliidae	1
Clavariadelphaceae	1
Clionidae	1
Cobitidae	1
Coniocybaceae	1
Cossidae	1
Coxiellaceae	1
Cricetidae	1
Cudoniaceae	1
Cyanophoraceae	1
Cypraeidae	1
Dacrymycetaceae	1
Doryanthaceae	1
Dugesiidae	1
Elateridae	1
Eledonidae	1
Epizoanthidae	1
Eulimidae	1
Facelinidae	1
Fuscideaceae	1
Ganeriidae	1
Gekkonidae	1
Geobacteraceae	1
Glaucocystaceae	1
Gorgonocephalidae	1
Gyroporaceae	1
Gyrothyraceae	1
Hafniaceae	1
Haliotidae	1
Halorubraceae	1
Halosiphonaceae	1
Hemiasterellidae	1
Heteroderidae	1
Hormathiidae	1
Hydrostachyaceae	1
Hygrophoropsidaceae	1
Hyphomonadaceae	1
Ifalukellidae	1
Jubulaceae	1
Labridae	1
Laganidae	1
Lardoglyphidae	1
Leskeaceae	1
Leucosporidiaceae	1
Lipomycetaceae	1
Littorinidae	1
Loxsomataceae	1
Lucinidae	1
Margarodidae	1
Megasporaceae	1
Meteoriaceae	1
Methanomicrobiaceae	1
Methanosarcinaceae	1
Methylophilaceae	1
Microbotryaceae	1
Microcotylidae	1
Mithracidae	1
Moerckiaceae	1
Myidae	1
Myocastoridae	1
Myrmeleontidae	1
Naticidae	1
Notodontidae	1
Nototheniidae	1
Oculinidae	1
Oenonidae	1
Ophiolepididae	1
Orthostichellaceae	1
Ostraciidae	1
Parathelphusidae	1
Pelagiidae	1
Peptostreptococcaceae	1
Peramelidae	1
Pipridae	1
Piscirickettsiaceae	1
Plecoglossidae	1
Poduridae	1
Polyphysaceae	1
Pomacentridae	1
Pompilidae	1
Porcellanasteridae	1
Pseudomuriellaceae	1
Pyramidellidae	1
Pyroglyphidae	1
Rallidae	1
Rhopalidae	1
Saelaniaceae	1
Schistosomatidae	1
Scinaiaceae	1
Scorpionidae	1
Scyliorhinidae	1
Scytonemataceae	1
Serranidae	1
Sparidae	1
Sphaerocarpaceae	1
Spirulinaceae	1
Stelligeridae	1
Stemonitidae	1
Strombidae	1
Tecophilaeaceae	1
Thelenellaceae	1
Thermoanaerobacteraceae	1
Tilletiaceae	1
Tineidae	1
Trapeliaceae	1
Tubulanidae	1
Tulasnellaceae	1
Ulmaridae	1
Uranidae	1
Urechidae	1
Valerianaceae	1
Valoniaceae	1
Veillonellaceae	1
Winterschmidtiidae	1
Xanthobacteraceae	1
